unemploymant.rate..96,average.salary,balance,date,amount,duration,payments,status,age,month_balance
-1.40354317489899,2.28358415152079,-0.635492651668257,940105,-0.610547077275248,-0.707245340761702,-0.354093142013172,1,0.975417976896424,0.0369934882639069
-0.659252135405244,-0.317167092892627,-1.1665073220402,960429,-1.09130698588966,-1.42322210548342,-0.740989184500974,-1,1.69240848182627,-0.865723996618978
-0.899785215241637,-0.829447742432309,-0.819402542928673,960502,0.195918277359961,-0.707245340761702,1.25812542562423,1,1.21441481187304,-0.85932383439561
1.60992786305129,-0.15599164480998,1.62681076814088,961106,-0.53950890939095,-1.42322210548342,1.46522860130888,1,1.21441481187304,5.02721585558691
0.271111663961935,-0.765128901648154,-0.627748890770169,940531,-0.38422676036181,-1.42322210548342,2.08608295654813,1,1.45341164684965,0.728285953389931
0.661410623696459,-0.568388918073091,-0.752393316759066,941103,-0.205037535602378,0.724708188681744,-0.716409906507631,1,1.45341164684965,-0.614299724995892
-0.709174095371288,0.282889857011314,0.219382224913467,941221,-0.420542746828303,1.44068495340347,-1.12333350884186,1,-0.538228644622131,-0.300367092687158
-1.40354317489899,2.28358415152079,0.383693490193826,950501,0.397648459236526,-0.707245340761702,1.66140765344093,-1,0.895752365237553,-0.449753391442847
0.434492623850806,-0.818854051009036,1.23647294406114,940719,1.01274336481163,1.44068495340347,0.0227891205514155,-1,-0.617894256281002,0.677562987967959
-0.119187295772589,-0.700053368619479,1.5016037233682,961024,1.11634069297623,1.44068495340347,0.105630390825274,1,-0.45856303296326,0.222704384406131
-0.137340735760241,-0.190042795813356,-0.124342411426187,960822,-0.513780342176444,-0.707245340761702,-0.160645120769272,1,1.37374603519078,-0.574025831413233
2.66736574233204,0.698313899252503,-0.914361075451846,951123,-0.685455914563499,0.724708188681744,-1.1966161710072,1,-0.936556702916487,-0.139868494063502
-0.709174095371288,0.282889857011314,1.74053064357218,940724,0.595963344580193,0.724708188681744,0.0842373155347722,-1,0.497424306943196,0.123848637414791
1.58269770306981,-1.02164757254025,-1.48606593109206,960411,0.667001512464491,0.724708188681744,0.155244118626651,-1,0.258427471966583,-0.967698771349744
-0.899785215241637,-0.829447742432309,-0.607968631954402,940511,-1.14788706511802,-1.42322210548342,-0.967209576402665,1,0.178761860307711,-0.73432496825994
1.60992786305129,-0.15599164480998,0.257299186885281,950108,-0.917240705929575,-0.707245340761702,-0.967209576402665,1,-0.219566197986645,-0.525827737271437
0.41180082386624,-0.163558567255174,-0.837929092171123,950217,3.73018097282157,1.44068495340347,2.19577936388878,1,-0.139900586327774,-0.696644077777616
0.575181783755111,-0.400403239789769,1.9798917105542,960728,0.396510027058893,-0.707245340761702,1.65913179436747,1,-1.33488476121084,2.9299210837455
-1.40354317489899,2.28358415152079,-0.681800164636054,950530,-0.551120917602806,0.724708188681744,-1.06234048567319,1,0.417758695284325,-0.85247400215919
0.575181783755111,-0.400403239789769,0.425898759116069,950916,1.55816622111559,0.724708188681744,1.04601535997798,1,1.93140531680288,0.199935434920858
0.847483383569895,-0.346678090428886,2.32276134354526,960529,1.31841240450609,1.44068495340347,0.267216385040768,1,0.0990962486488398,1.18766498575067
0.693179143674851,0.17392617380051,1.18548727805651,950524,0.415066471554311,1.44068495340347,-0.455141284874692,1,0.0194306369899685,1.16173518968463
-0.287106615658372,-0.857445355479529,-0.185747600103757,951218,0.556801277669618,1.44068495340347,-0.341803503016501,1,1.21441481187304,-0.465636563283134
0.997249263468026,-0.847608356300776,1.18595243531869,941028,-0.447068216567151,-0.707245340761702,-0.0272797790646529,1,1.0550835885553,2.89784979143538
-0.0148050158435882,-0.877876046081555,1.7261772194819,940120,1.02355847049914,1.44068495340347,0.0314373850305546,1,0.577089918602068,0.966123330449406
0.0532703841101078,-0.738644673089972,-0.882916444528147,941112,0.448194847923431,-0.707245340761702,1.76245579630245,-1,-0.45856303296326,-0.804141288938251
-1.33092941494838,0.0747994897684591,-1.02565327298145,940207,0.0353993403137092,0.724708188681744,-0.476079188350503,1,-0.856891091257616,-0.705075977865594
0.997249263468026,-0.847608356300776,-0.408398446200428,950316,-0.432723971128976,0.724708188681744,-0.943995813853396,-1,-1.01622231457536,-0.78342827586061
-0.754557695340419,-0.740914749823531,-0.810139268307448,961125,0.354160350050946,0.724708188681744,-0.157458918066431,1,1.45341164684965,-0.528398891201859
2.13637762269321,-0.422347314880833,-0.477941671931652,950529,-0.704353888712206,0.00873142396002112,-0.990878510766624,1,0.975417976896424,-0.625367386774789
0.207574624005152,-0.848365048545296,-0.103933082789179,950829,-0.948433747596719,-0.707245340761702,-1.0295681150154,1,0.178761860307711,-0.601667850601065
0.30741854393724,-0.448831543439015,-0.94689993345897,941119,0.177817205735596,0.00873142396002112,0.184830286581601,-1,-1.33488476121084,-0.776142399975172
1.58269770306981,-1.02164757254025,-0.154533332776568,960824,2.3072545939981,0.724708188681744,1.79477299514555,-1,-0.697559867939873,-0.738999985809416
0.30741854393724,-0.448831543439015,-0.779009172294369,940206,-0.629672737859483,-1.42322210548342,1.10473252407318,1,0.0990962486488398,-0.574276979398579
0.543413263776719,0.279863088033236,0.223900895460406,960706,-0.0318820013844004,0.00873142396002112,-0.0946452076389995,1,0.73642114191981,1.62235163686184
-0.686482295386723,-0.703080137597557,-0.0477110750330987,950428,0.975630475820794,0.00873142396002112,1.24811164570102,1,1.45341164684965,-0.584131894778641
-0.686482295386723,-0.703080137597557,0.280765263245218,960615,-1.0933561638094,1.44068495340347,-1.66134659380725,1,0.656755530260939,-0.634064296149455
0.30741854393724,-0.448831543439015,1.74713144662604,960313,0.545303112675525,0.00873142396002112,0.674595159189688,1,0.497424306943196,0.217500288032522
0.0668854641008469,0.0959868726150043,-0.97840658535096,930705,-0.464030856013883,-1.42322210548342,1.76700751444936,-1,0.73642114191981,0.0283137293129354
-0.550331495479331,-0.873335892614438,0.44403989234128,930711,0.195918277359961,0.00873142396002112,0.208954392760252,1,-0.936556702916487,0.892056758879715
0.543413263776719,0.279863088033236,-0.263366841920343,940623,0.893207986160166,1.44068495340347,-0.072796960533806,1,1.21441481187304,-0.300821696383737
-0.822633095294115,0.394880309200195,-0.34901336906149,930803,-0.374777773287456,0.00873142396002112,-0.551637709589297,1,1.37374603519078,-0.00130176328640461
0.207574624005152,-0.848365048545296,2.05663822874554,961016,2.37943119406003,1.44068495340347,1.11565664762578,1,0.816086753578682,-0.0565691211129955
-0.137340735760241,-0.190042795813356,1.43769997568232,960731,0.162789900990841,0.00873142396002112,0.164802726735173,1,0.178761860307711,5.86192932620772
-0.196339415720111,0.956345954633643,0.586581797751385,960421,0.986673267943834,0.724708188681744,0.474774732540106,1,0.338093083625454,-0.284126346259691
-1.40354317489899,2.28358415152079,0.549347066430776,941204,0.568185599445948,0.00873142396002112,0.705091670774021,1,-0.378897421304388,-0.47728240578414
0.543413263776719,0.279863088033236,-0.808021695247216,950415,-0.729627083055659,-1.42322210548342,0.705091670774021,-1,-1.41455037286972,-0.214603697219997
1.91853634284138,0.494763685476766,-0.11184961638465,961029,-0.56091143433045,-1.42322210548342,1.37965630014687,1,1.53307725850852,0.0124848279914655
-1.40354317489899,2.28358415152079,-1.12746069243165,961003,-0.415419802028954,-1.42322210548342,1.96136587932265,1,-1.33488476121084,-0.661203784429286
-1.40354317489899,2.28358415152079,0.331276911849334,960909,-0.700597062526018,0.00873142396002112,-0.985871620805017,1,-1.57388159618746,1.76384850578041
0.30741854393724,-0.448831543439015,-0.980572889171993,961128,-0.794517717180739,-1.42322210548342,0.445643736399848,1,1.37374603519078,-0.723994069888007
-0.899785215241637,-0.829447742432309,0.0494935025560532,941030,0.236674149319222,-0.707245340761702,1.33960118045401,1,-0.538228644622131,-0.474015132601539
1.37393314321181,-1.06931918394498,-1.00726848595224,940730,1.458894935226,0.00873142396002112,1.89217976348953,-1,-0.697559867939873,-0.825872990195928
0.207574624005152,-0.848365048545296,-0.152309438056408,951118,0.348468189162781,1.44068495340347,-0.508396387193601,1,0.656755530260939,0.248254756715076
0.30741854393724,-0.448831543439015,-0.914976855065596,951212,-0.496476173076423,-0.707245340761702,-0.126052062852715,1,-0.856891091257616,-0.646381589484996
1.88676782286299,0.114904178727991,1.78087085337652,950329,0.385581078153616,0.724708188681744,-0.126052062852715,1,1.13474920021417,0.336625486458536
0.0986539840792386,-0.588062916430597,1.0134765525697,960926,-0.0554475474614033,0.00873142396002112,-0.126052062852715,-1,0.178761860307711,-0.453086212135187
0.0351169441224555,-0.514663768712209,0.68049040388277,950116,1.92246451795815,0.724708188681744,1.4101528117312,1,-0.45856303296326,-0.564426997702045
-1.40354317489899,2.28358415152079,1.04102272262937,960718,-1.18693528881083,0.00873142396002112,-1.63403628492576,1,-0.856891091257616,-0.294926179504168
1.8549993028846,-0.619087298455896,-0.825449587337076,960629,-0.939098603740129,-0.707245340761702,-1.01090607061305,1,-1.49421598452859,-0.844832196247747
0.543413263776719,0.279863088033236,-0.503321538170292,951104,-0.436139267661875,-0.707245340761702,-0.00543153195945944,1,-1.65354720784633,-0.493904925341809
-0.0148050158435882,-0.877876046081555,-0.986203507079012,941211,0.51581771927483,1.44068495340347,-0.374575873674291,1,0.73642114191981,-0.817893579368731
1.91853634284138,0.494763685476766,0.125637531341138,960429,-0.909499367121671,1.44068495340347,-1.51432609766189,1,-0.538228644622131,-0.491166496046031
-0.686482295386723,-0.703080137597557,-0.837906941825304,950401,0.107803626811167,0.00873142396002112,0.0915200645698367,1,0.178761860307711,-0.761721712895199
-0.464102655537982,-0.0742688824018767,1.34296737668649,950130,-0.469609173684284,-1.42322210548342,1.74470409552948,1,1.45341164684965,-0.0167080123855766
0.997249263468026,-0.847608356300776,0.232393338047153,960415,0.528112786793266,0.724708188681744,0.0164167151457341,1,0.417758695284325,0.240682492247658
-1.40354317489899,2.28358415152079,1.61567357426342,940110,-1.14595173041604,-1.42322210548342,-0.959471655552909,1,-0.0602349746689028,0.52768801960561
-0.250799735683068,-0.743184826557089,-0.81336878872776,960112,0.18794925211653,1.44068495340347,-0.636754838936613,1,0.73642114191981,-0.643318241888251
-0.550331495479331,0.0763128742574981,1.00029266673863,960613,2.0367631085925,0.724708188681744,1.52440093721878,1,-1.01622231457536,-0.391454637493794
0.434492623850806,-0.818854051009036,-0.0287237985976278,960802,-0.530970668058703,1.44068495340347,-1.21163684089202,1,-0.936556702916487,1.01557763439255
-0.0148050158435882,-0.877876046081555,-0.404185450425782,940308,-0.509226613465912,-1.42322210548342,1.58630430401682,1,-0.378897421304388,0.0427461632584525
0.452646063838458,-0.934627964420515,-0.330894386182098,931208,-0.487824088526412,0.00873142396002112,-0.702299580252194,1,0.577089918602068,0.207116763702949
-1.33092941494838,0.0747994897684591,0.448912968421312,940705,-0.321840677027523,-0.707245340761702,0.223064719015689,1,-0.697559867939873,-0.429208828417117
-1.33092941494838,0.0747994897684591,-0.0289984628857749,940716,-0.899822693611791,1.44068495340347,-1.50658817681213,1,0.816086753578682,-0.176528112055371
0.870175183554461,0.870083038758423,-0.781286227844494,960229,2.22801971443484,1.44068495340347,0.994580944917834,1,0.816086753578682,-0.863864232865943
-1.35362121493294,0.454658996517234,-0.539391161300858,940517,1.20684605109805,1.44068495340347,0.178002709361228,1,1.45341164684965,0.0228396899691098
-1.40354317489899,2.28358415152079,0.519944697391527,941221,-1.08208568525083,-1.42322210548342,-0.70412026751096,1,1.53307725850852,-0.518824725908315
0.924635503517417,-0.464722080573924,0.917277600680699,960914,-0.916102273751942,0.00873142396002112,-1.27308503587537,1,-0.299231809645517,1.80285632219466
-1.35362121493294,0.454658996517234,-0.785827048737251,961204,0.097785423647997,0.724708188681744,-0.413720649737763,1,0.0990962486488398,-0.514078287416327
0.107730704073064,-0.960355500734177,-1.35434225457963,960418,1.25773396943825,0.00873142396002112,1.62408356463622,-1,-1.65354720784633,-1.03855609925263
-0.573023295463896,-0.995163343982073,0.979063775306344,940902,-0.592104475997594,-1.42322210548342,1.25493922292139,1,-1.09588792623423,0.259903183526501
-1.40354317489899,2.28358415152079,-0.457111486724096,950321,-1.23224488948062,-1.42322210548342,-1.30449189108909,1,-0.538228644622131,-0.826731451129934
-0.0238817358374144,-0.816583974275478,-1.27883615575411,960828,1.02651839416099,0.00873142396002112,1.31593224609006,-1,1.21441481187304,-0.761119568567378
2.13637762269321,-0.422347314880833,1.56803261047736,960224,-0.20959126431291,0.724708188681744,-0.720961624654546,1,-1.41455037286972,0.766348382065147
-0.822633095294115,0.394880309200195,0.430643363190355,961115,1.66848029912823,1.44068495340347,0.547147051076059,1,1.93140531680288,0.789040741987068
-0.0238817358374144,-0.816583974275478,-1.23842063477399,950103,0.30771231720352,0.724708188681744,-0.203886443164967,-1,-1.09588792623423,-0.966507404246202
0.0351169441224555,-0.514663768712209,0.770531559634274,961215,0.729273752581015,1.44068495340347,-0.203886443164967,-1,1.69240848182627,-0.152436935384388
-1.40354317489899,2.28358415152079,-0.874477162771364,961004,-0.646293847652924,0.00873142396002112,-0.913499302269064,1,0.417758695284325,-0.888576113912308
0.452646063838458,-0.934627964420515,-0.872071635215494,940705,-1.33128848893469,-1.42322210548342,-1.70049136987072,1,0.417758695284325,-0.564892643452237
0.203036264008239,-0.472289003019118,0.0973559698002966,950801,-0.960273442244102,-0.707245340761702,-1.05323704937936,1,0.656755530260939,0.150730634401882
0.575181783755111,-0.400403239789769,-0.5676727228417,960524,0.153568600352013,0.00873142396002112,0.152513087738502,1,-0.936556702916487,-0.838588972148055
-0.491332815519461,-0.350461551651484,-1.01906133006592,950530,0.127612346701981,1.44068495340347,-0.685003051293915,1,-1.49421598452859,-0.956304546708706
2.13637762269321,-0.422347314880833,0.97065993410287,940910,-1.15437612853053,-1.42322210548342,-0.993154369840082,1,0.338093083625454,-0.359686414314734
-1.40354317489899,2.28358415152079,-1.30127888613724,950205,1.62066614766765,1.44068495340347,0.508912618641971,-1,-0.777225479598745,-1.02137701320545
-0.550331495479331,0.0763128742574981,-0.0195668456363307,960723,2.84186234461455,0.724708188681744,2.3291447055934,1,-0.299231809645517,0.482294842018575
-1.40354317489899,2.28358415152079,-0.842350301196461,950102,-0.653921343243065,-1.42322210548342,1.00778092754389,1,0.0990962486488398,-0.472196717815222
-1.40354317489899,2.28358415152079,0.047849946896333,950402,-1.20241796642664,-1.42322210548342,-1.18523687563991,1,-0.299231809645517,0.880699184459176
0.847483383569895,-0.346678090428886,-0.816274914099125,961103,-0.728260964442499,-0.707245340761702,-0.589416970208694,1,-1.25521914955197,0.0866512479182863
-0.296183335652199,0.300293778635261,0.333301453457129,960208,-0.778465823476114,-1.42322210548342,0.509822962271354,1,0.816086753578682,-0.644484470699528
-0.709174095371288,0.282889857011314,-0.604876443678164,940928,-1.15984060298317,-1.42322210548342,-1.01500261694528,1,1.37374603519078,-0.51384781391434
-0.0148050158435882,-0.877876046081555,-1.03248000956266,950405,0.129661524621721,0.724708188681744,-0.381858622709356,1,1.6127428701674,-0.891333103255647
-1.33092941494838,0.0747994897684591,-0.311251459510405,951128,-0.0702471657706321,-0.707245340761702,0.726029574249831,-1,-0.697559867939873,0.499823514784361
0.271111663961935,-0.765128901648154,2.10698153472144,940827,-0.623069831229211,-0.707245340761702,-0.379127591821206,1,-0.0602349746689028,3.06471401649771
0.193959544014413,-0.579739301740883,-0.924089507335256,940629,0.941591353709568,1.44068495340347,-0.0341073562850259,1,-0.777225479598745,-0.595546558965727
0.0351169441224555,-0.514663768712209,0.311337170543675,941208,-0.89082907940849,-0.707245340761702,-0.914409645898447,1,0.73642114191981,-0.263118721794189
0.870175183554461,0.870083038758423,-0.480258598104249,950208,0.720735511248768,0.724708188681744,0.208954392760252,1,-0.777225479598745,-0.0204049859098015
-0.409642335575025,-1.0662924149669,-1.00589073444234,950223,-0.456175673988215,-0.707245340761702,-0.0454866516523142,1,0.577089918602068,-0.643747942229876
2.66736574233204,0.698313899252503,1.1193684957888,951031,-0.678056105408885,0.00873142396002112,-0.955830281035376,1,-0.617894256281002,1.11164655500207
-1.40354317489899,2.28358415152079,-1.17485357234455,940926,-0.545428756714641,-1.42322210548342,1.44155966694492,1,-0.219566197986645,-0.692192015736178
-0.754557695340419,-0.740914749823531,-0.265205320623264,961031,0.450016339407644,0.00873142396002112,0.547602222890751,1,-0.299231809645517,1.46017206177874
0.434492623850806,-0.818854051009036,-0.582637496476562,941003,0.450016339407644,0.00873142396002112,0.547602222890751,1,-1.01622231457536,-0.300037475639974
0.0986539840792386,-0.588062916430597,-0.323146195214847,960514,-0.747841997897787,-0.707245340761702,-0.628561746272165,-1,1.93140531680288,0.487202682443146
-0.686482295386723,-0.402673316523327,-1.10014931603766,960925,-1.23440791061813,-0.707245340761702,-1.60126391426797,1,-1.01622231457536,-0.975001327784256
0.874713543551374,-1.01105388111698,0.561879732094786,960101,-0.0943819279364514,0.724708188681744,-0.605803155537589,1,-1.25521914955197,-0.0780149036633143
0.443569343844632,-0.607736914788104,-0.365603978079418,940604,1.46948235447798,0.00873142396002112,1.90629008974497,1,-0.45856303296326,-0.487906270982757
0.203036264008239,-0.472289003019118,-0.482092646738007,950805,-1.1867076023753,-1.42322210548342,-1.12242316521248,1,-1.09588792623423,-0.539384794796564
-1.01324421516446,-0.7280509816667,0.113561162800986,961010,-0.765146166997808,0.724708188681744,-1.27627123857821,1,1.0550835885553,3.05302823465385
0.693179143674851,0.17392617380051,-1.10545653889573,960825,2.43521437076405,1.44068495340347,1.16026348546555,1,-1.57388159618746,-0.78420638823429
-0.759096055337332,-0.768912362870751,1.02510991419348,950811,-0.357359760969672,-0.707245340761702,0.15205791592381,1,-0.0602349746689028,1.04023900391707
0.271111663961935,-0.765128901648154,-0.222973471286039,950709,3.03357432332795,0.724708188681744,2.52077203957854,1,0.895752365237553,-0.233456006795359
0.0351169441224555,-0.361811935319276,-0.770990747108135,950818,-1.1755509670345,-1.42322210548342,-1.07781632737271,1,-0.777225479598745,-0.375947600288248
-0.0148050158435882,-0.877876046081555,3.59387222853752,960822,-0.0347280818284829,-0.707245340761702,0.79703637734171,1,0.656755530260939,4.8024210233417
-0.777249495324984,0.0112373412288235,-0.658258777100335,960304,0.645029771436174,0.00873142396002112,0.807505329079615,1,-0.378897421304388,-0.568604418027048
-0.822633095294115,0.394880309200195,0.487658353326731,931104,-0.268334364678772,-0.707245340761702,0.330030095468199,1,1.77207409348514,1.34718131147747
-0.264414815673807,-0.858958739968568,-0.665209555618126,960103,-0.440920682807933,0.724708188681744,-0.952188906517844,1,-0.856891091257616,-0.874714812569573
0.874713543551374,-1.01105388111698,-0.170530312526565,940723,-0.0133255568889827,-0.707245340761702,0.839822527922714,1,0.577089918602068,-0.651878182810667
-0.464102655537982,-0.0742688824018767,-0.0986214298619442,961115,2.03448624423724,1.44068495340347,0.839822527922714,1,-1.49421598452859,-0.600012247371197
-0.709174095371288,0.282889857011314,-0.270716326662864,961128,0.322739621948275,0.724708188681744,-0.188865773280146,1,-1.01622231457536,-0.381763003544803
-1.40354317489899,2.28358415152079,0.5186068165041,960803,1.0733079566617,0.00873142396002112,1.3782907847028,1,-0.45856303296326,0.656505791729858
0.0532703841101078,-0.738644673089972,-1.43868191131749,960203,-0.154832676568763,0.00873142396002112,-0.258507060927951,-1,1.6127428701674,-1.02589697212974
0.0169635041348032,-0.97094919215745,2.86503724973125,961109,-0.333908058110432,-0.707245340761702,0.198940612837038,1,-0.219566197986645,0.939837134482742
-0.709174095371288,0.282889857011314,-0.636396385777645,960725,-1.27038236743133,-1.42322210548342,-1.45697444901075,1,-1.57388159618746,-0.60757534928349
-0.119187295772589,-0.700053368619479,0.775701450348272,960210,-0.793606971438633,-0.707245340761702,-0.720051281025163,-1,0.497424306943196,0.851282448824852
-1.40354317489899,2.28358415152079,1.19586250003781,940810,1.69022435372102,0.724708188681744,1.17801518623852,1,1.37374603519078,0.00867461468338981
0.193959544014413,-0.579739301740883,-0.926065318182251,960111,-1.18545532697991,0.724708188681744,-1.6963948235385,1,0.895752365237553,-0.152277882824913
-1.40354317489899,2.28358415152079,0.189457107712905,960425,1.66654496442625,0.724708188681744,1.15434625187456,-1,1.85173970514401,0.0606124409399936
-0.495871175516374,-0.590332993164156,-0.322632307191861,940804,-1.239758541853,-1.42322210548342,-1.33453323085873,1,0.73642114191981,-0.521479282584104
0.924635503517417,-0.464722080573924,2.31454799531583,940711,0.270371741777158,-0.707245340761702,1.40696660902836,1,0.0990962486488398,2.01712173404023
0.575181783755111,-0.400403239789769,1.70975938316136,940510,0.4616283476195,0.00873142396002112,0.563078064590263,1,-1.1755535378931,1.22003323882175
-0.550331495479331,0.0763128742574981,-0.647121583222879,961112,1.24270666469349,1.44068495340347,0.206678533686794,1,-1.25521914955197,-0.771119910142884
0.107730704073064,-0.960355500734177,2.72715577708132,931122,-0.623297517664738,-0.707245340761702,-0.379582763635898,1,-1.01622231457536,1.06354995377858
1.60992786305129,-0.15599164480998,-0.366219757693168,940227,1.47380839675299,1.44068495340347,0.391478290451556,1,0.656755530260939,-0.427806487608392
0.107730704073064,-0.960355500734177,-0.826087517296644,940407,0.0382454207577917,1.44068495340347,-0.756465026200486,1,-0.378897421304388,-0.649516827898873
0.271111663961935,-0.765128901648154,2.81428194732313,960603,2.12100708973734,1.44068495340347,0.909008643755827,1,-1.1755535378931,1.33133948860391
-0.686482295386723,-0.402673316523327,0.706831595129926,930924,0.279251512762695,-0.707245340761702,1.42471830980133,-1,0.73642114191981,1.12432753129487
0.41180082386624,-0.163558567255174,-1.56181125365242,940617,0.279251512762695,-0.707245340761702,1.42471830980133,-1,-1.65354720784633,-1.05047587865813
-1.40354317489899,2.28358415152079,0.0916633309249862,940911,0.605981547743363,0.724708188681744,0.0942510954579859,1,0.417758695284325,-0.409596026766392
-0.464102655537982,-0.0742688824018767,-1.03599748447861,960718,-1.06887987199029,0.724708188681744,-1.57987083897747,1,1.37374603519078,-0.892431905058697
-0.119187295772589,-0.700053368619479,1.6946838577974,960410,-0.955150497444754,-1.42322210548342,-0.196603694129903,1,1.29408042353191,-0.293232046555313
0.0351169441224555,-0.361811935319276,1.15429516107514,960809,-0.957541205017783,-1.42322210548342,-0.206162302238425,1,-0.139900586327774,1.13810730939073
0.443569343844632,-0.607736914788104,2.27794233381646,941102,-0.590966043819961,-1.42322210548342,1.25949094106831,1,-1.65354720784633,-0.398147766543847
1.00632598346185,-0.536607843803273,-0.433357455868521,950425,0.760011421377106,1.44068495340347,-0.179307165171624,1,0.816086753578682,-0.460174270804853
0.41180082386624,-0.163558567255174,-0.619819066967208,950725,1.33093515846005,1.44068495340347,0.277230164963981,1,-1.7332128195052,0.319729969745608
-1.35362121493294,0.454658996517234,0.0747050261664743,950710,-0.443197547163199,-0.707245340761702,-0.0195418582148969,1,-0.378897421304388,0.320203133489748
-0.264414815673807,-0.858958739968568,-0.255082612584288,950316,-0.39492802283156,1.44068495340347,-1.10285077718074,-1,-1.01622231457536,-0.81407420350553
-0.0148050158435882,-0.877876046081555,-1.35607884169178,960221,1.37931852600945,1.44068495340347,0.315919769212761,-1,0.0194306369899685,-0.958005022964955
0.870175183554461,0.870083038758423,-0.0417349117313137,951216,0.827748135946269,0.724708188681744,0.315919769212761,1,-0.856891091257616,0.462697076355746
-1.40354317489899,2.28358415152079,0.374851072143149,951128,-1.08276874455741,-0.707245340761702,-1.29811948568341,1,-0.697559867939873,0.830902576854059
1.91853634284138,0.494763685476766,-1.18129489290852,960506,-0.205948281344484,1.44068495340347,-0.951733734703152,1,-0.617894256281002,-0.423677464369433
-0.595715095448461,-0.410996931213041,1.14339276086336,940418,-0.760137065416223,-1.42322210548342,0.58310562443669,1,0.0194306369899685,-0.153828704014123
0.0351169441224555,-0.361811935319276,-0.912881432351182,940606,-0.551120917602806,0.724708188681744,-1.06234048567319,-1,-0.45856303296326,-0.424239199479781
0.874713543551374,-1.01105388111698,0.163293119232296,940930,-0.038598751232435,-0.707245340761702,0.789298456491954,1,-0.299231809645517,-0.323248342207038
0.443569343844632,-0.607736914788104,-0.383009719823461,941103,-0.799299132326798,0.724708188681744,-1.31040912468008,1,0.0990962486488398,-0.495884272186089
-0.777249495324984,0.0112373412288235,-0.37398123886791,950304,-1.11054648969166,-0.707245340761702,-1.35365044707577,1,-0.856891091257616,-0.735180609946215
0.924635503517417,-0.464722080573924,3.51679788522807,931201,3.02833753531084,1.44068495340347,1.63455251637413,-1,1.29408042353191,1.12848075307685
-1.40354317489899,2.28358415152079,-0.673422903847562,941002,-1.26719475733396,-0.707245340761702,-1.66680865558355,1,1.6127428701674,-0.818578421629986
0.661410623696459,-0.568388918073091,-0.992441044461453,940708,1.24612196122639,0.00873142396002112,1.60860772293671,-1,0.73642114191981,-0.764924613254614
-1.40354317489899,2.28358415152079,0.390329733800997,950108,1.18908650912698,0.00873142396002112,1.53259402988322,-1,1.69240848182627,-0.0630639630726545
0.870175183554461,0.870083038758423,-0.0459789179901055,941104,-0.811594199845234,-0.707245340761702,-0.756009854385794,1,-0.0602349746689028,0.604794445040956
0.870175183554461,0.870083038758423,0.758929208494634,941220,2.40333826979032,1.44068495340347,1.13477386384283,1,-0.139900586327774,-0.378039012229825
2.13637762269321,-0.422347314880833,-0.58091862964106,940607,-0.549754798989647,-0.707245340761702,-0.232562267490533,1,-0.378897421304388,-0.531627399728161
-0.550331495479331,0.0763128742574981,3.32490500933472,960811,-0.566148222347562,0.724708188681744,-1.07736115555802,1,0.895752365237553,0.228893572924317
-0.196339415720111,0.956345954633643,-0.483496978662889,950212,-0.620337594002892,1.44068495340347,-1.28309881579859,1,0.417758695284325,-0.693067157219258
-0.595715095448461,-0.410996931213041,0.693284443627436,960806,1.18658195833619,0.724708188681744,0.674595159189688,1,-0.139900586327774,-0.30301976986446
0.357340503903283,-0.582009378474442,0.258778829985946,941025,-1.21243616958981,-1.42322210548342,-1.22529199533276,1,0.975417976896424,-0.400022331347469
-0.491332815519461,-0.350461551651484,0.0150807252926983,960916,0.338791515652901,1.44068495340347,-0.516134308043357,1,-0.45856303296326,-0.100567945759876
0.30741854393724,-0.448831543439015,-0.257904566641543,960212,-0.691603448322717,-0.707245340761702,-0.516134308043357,-1,0.0990962486488398,0.556401117993807
1.91853634284138,0.494763685476766,-0.31420631564257,941220,-1.03051470760406,-1.42322210548342,-0.497927435455696,1,-1.57388159618746,-0.777487181142728
-1.40354317489899,2.28358415152079,-0.063752355474732,961111,-0.333680371674906,-0.707245340761702,0.19939578465173,1,0.178761860307711,-0.648409568352631
1.00632598346185,-0.536607843803273,-0.480028234507738,950206,-0.969039370011876,-1.42322210548342,-0.252134655522269,1,-1.33488476121084,-0.585684125591716
0.693179143674851,0.17392617380051,-1.20927520974623,940526,-0.64891224166148,-1.42322210548342,1.02780848739032,-1,0.975417976896424,-0.946489570671495
2.13637762269321,-0.422347314880833,0.976188660419125,940331,0.636491530103927,0.00873142396002112,0.796126033712327,1,-0.697559867939873,0.00836567211956434
-0.899785215241637,-0.829447742432309,3.99287526790139,951112,-0.807837373659045,0.00873142396002112,-1.12879557061816,-1,-1.33488476121084,0.589236896313568
-0.899785215241637,-0.829447742432309,-0.148610330304747,961023,-1.16063750550751,0.00873142396002112,-1.59898805519451,1,0.816086753578682,0.672323885935027
0.41180082386624,-0.163558567255174,-0.641854230987281,931208,-0.473479843088237,0.00873142396002112,-0.683182364035149,1,-1.09588792623423,-0.430022886199364
0.575181783755111,-0.400403239789769,-0.984307437476963,950114,-0.0704748522061587,1.44068495340347,-0.843402842806568,-1,-0.378897421304388,-0.87630674778819
-0.754557695340419,-0.740914749823531,0.174009456539203,951031,-1.0189026993922,-1.42322210548342,-0.45149991035716,1,-1.33488476121084,-0.475132024577529
0.870175183554461,0.870083038758423,-0.494572151572053,951205,0.470280432169511,0.724708188681744,-0.0413901053200904,1,-1.65354720784633,-0.747540661872338
0.434492623850806,0.233704861117548,1.2055687815754,940526,-1.13240438750221,-0.707245340761702,-1.39734694128616,1,-0.139900586327774,0.659355346373689
2.13637762269321,-0.422347314880833,-0.212164102526695,960725,-0.460501716263221,0.00873142396002112,-0.665885835076871,1,-0.617894256281002,0.199420452335379
-0.550331495479331,-0.873335892614438,0.734842922451784,931209,-0.932495697109857,-1.42322210548342,-0.106024503006288,1,-0.0602349746689028,0.381983188511626
-0.495871175516374,-0.590332993164156,-0.844414713426729,941106,-0.916785333058522,0.00873142396002112,-1.27399537950476,1,0.816086753578682,-0.376614117439254
0.357340503903283,-0.582009378474442,-0.732183341234424,960919,-0.675323868182565,0.00873142396002112,-0.952188906517844,1,1.69240848182627,-0.817352283804432
0.41180082386624,-0.163558567255174,-0.0742649096001107,960804,0.0980131100835235,-0.707245340761702,1.06240154530687,1,1.37374603519078,-0.472696899350114
-0.573023295463896,-0.995163343982073,-0.732555467044172,950606,-0.777441234516244,1.44068495340347,-1.40872623665345,1,0.258427471966583,-0.578654566312463
-1.40354317489899,2.28358415152079,-0.595245473316355,940105,-0.610547077275248,-0.707245340761702,-0.354093142013172,1,0.975417976896424,0.0758051320235632
-0.659252135405244,-0.317167092892627,-0.764420954538419,960429,-1.09130698588966,-1.42322210548342,-0.740989184500974,-1,1.69240848182627,-0.701698049209563
-0.550331495479331,0.0763128742574981,-1.31888398099365,940315,-0.853260817546601,-0.707245340761702,-0.839306296474344,1,1.45341164684965,-0.927888409081479
0.30741854393724,-0.448831543439015,-0.603910688600485,940526,-0.777896607387298,0.724708188681744,-1.28901604938958,1,0.178761860307711,-0.673084799178496
2.66736574233204,0.698313899252503,-0.419540070147048,940316,-0.513324969305391,-0.707245340761702,-0.159734777139888,1,0.178761860307711,0.555758329511201
0.452646063838458,-0.934627964420515,0.294821872701529,950103,1.35814368750548,0.00873142396002112,1.75790407815553,1,0.0194306369899685,1.14264488861333
-0.464102655537982,-0.0742688824018767,-0.775828382634858,951102,-0.980537535005969,-1.42322210548342,-0.298107008806114,1,-1.09588792623423,-0.738206132635906
0.575181783755111,-0.400403239789769,-0.296703112376927,951231,1.55862159398665,0.724708188681744,1.04647053179267,1,-1.25521914955197,-0.457458395490921
-0.659252135405244,-0.317167092892627,1.60968412075415,951212,0.441819627728686,1.44068495340347,-0.43374820958419,1,0.816086753578682,0.692507350313913
-1.40354317489899,2.28358415152079,-0.415668189698004,950327,-1.0775319565403,-0.707245340761702,-1.2876505339455,1,0.656755530260939,-0.341022524462708
-0.754557695340419,-0.740914749823531,1.19448031845875,960518,1.66290198145783,0.724708188681744,1.15070487735703,1,-0.856891091257616,0.878455063265518
0.870175183554461,0.870083038758423,-0.176466605205877,940311,-0.888096842182171,-0.707245340761702,-0.908947584122149,1,-0.777225479598745,-0.511164359949311
-0.0148050158435882,-0.877876046081555,-1.05458162462019,951211,-1.11305104048245,-1.42322210548342,-0.827927001107056,1,0.816086753578682,-0.912344016843501
-0.391488895587373,-0.680379370261973,1.97899240651397,940522,0.481664753945841,0.724708188681744,-0.0300108099528021,1,-0.0602349746689028,1.398509240475
-0.550331495479331,0.0763128742574981,0.194697879533522,961029,2.15174475853343,1.44068495340347,0.933587921749169,1,1.21441481187304,-0.157380721217526
0.207574624005152,-0.848365048545296,2.05761284396155,960101,0.421100162095766,-0.707245340761702,1.70829035035416,1,1.13474920021417,3.47508935467759
2.13637762269321,-0.422347314880833,-1.07708637597161,950202,-1.18090159826938,0.724708188681744,-1.69184310539158,1,0.816086753578682,-0.918973008007681
0.434492623850806,-0.818854051009036,-0.872084925422985,940928,0.421100162095766,-0.707245340761702,1.70829035035416,-1,-0.936556702916487,-0.0950283589063109
1.8549993028846,-0.619087298455896,0.33922445592895,940625,-0.509681986336965,-0.707245340761702,-0.152452028104824,1,0.497424306943196,0.311501290431553
-1.04955109513977,-0.496503154843742,-0.12268999562814,950118,-0.732359320281978,-1.42322210548342,0.694167547221424,1,-1.49421598452859,-0.637781944157039
-0.0148050158435882,-0.877876046081555,2.50060204005146,961119,-0.694335685549036,-1.42322210548342,0.846194933328395,1,0.656755530260939,1.05464066107486
1.88676782286299,0.114904178727991,0.0316226035498259,951008,-1.1712249247595,0.00873142396002112,-1.61309838144995,1,0.338093083625454,0.28756023870223
1.58269770306981,-1.02164757254025,0.964307214922173,960922,-0.580492467785737,-0.707245340761702,-0.29401046247389,1,0.816086753578682,2.60398432953664
-0.495871175516374,-0.590332993164156,1.7881273066666,940930,-0.700597062526018,-1.42322210548342,0.821160483520361,1,1.0550835885553,2.1249626584867
-1.01324421516446,-0.7280509816667,-0.50324622699451,940605,-0.641967805377919,-1.42322210548342,1.0555739680865,1,-0.777225479598745,-0.54873342027165
0.203036264008239,-0.472289003019118,-0.706586401606763,961020,-0.490556325752731,-0.707245340761702,-0.114217595670735,1,-0.936556702916487,-0.59190150658721
0.870175183554461,0.870083038758423,-0.616390193434531,941106,-0.0465677764758659,0.00873142396002112,-0.114217595670735,1,1.37374603519078,-0.677812207748301
0.30741854393724,-0.448831543439015,0.0898204221529014,940601,0.597784836064405,0.724708188681744,0.0860580027935383,1,-0.777225479598745,0.14528901640696
-0.686482295386723,-0.402673316523327,-1.17449916681146,940217,-0.910637799299304,-1.42322210548342,-0.0186315145855138,-1,0.975417976896424,-0.538527273611802
-0.709174095371288,0.282889857011314,-1.18630087106346,960220,-0.84631638126304,1.44068495340347,-1.46380202623113,1,0.0990962486488398,-0.893692813606264
0.847483383569895,-0.346678090428886,0.105392115263186,960715,0.10028997443879,-0.707245340761702,1.06695326345379,1,-0.697559867939873,-0.20043415812537
-0.287106615658372,-0.857445355479529,-0.396131584686238,940730,-0.669517864076637,0.00873142396002112,-0.944450985668088,1,-0.617894256281002,-0.594372577223191
-0.196339415720111,0.956345954633643,-0.18895497017825,950613,-1.09597455781795,-0.707245340761702,-1.32451945093552,1,-0.856891091257616,2.41130166869365
-1.40354317489899,2.28358415152079,2.08908848536939,940520,-0.616353081381177,-1.42322210548342,1.15798762639209,1,-1.41455037286972,2.66410525726899
0.30741854393724,-0.448831543439015,-0.0840908030051209,940825,0.752270082569202,0.00873142396002112,0.950429278892756,1,-1.41455037286972,-0.100580632374664
-0.119187295772589,-0.700053368619479,0.073637379498031,930913,-0.545201070279115,-0.707245340761702,-0.223458831196703,1,-1.81287843116407,2.96834743031529
1.91853634284138,0.494763685476766,-1.15035085980032,950319,-0.0998464023890898,-0.707245340761702,0.666857238339932,1,1.45341164684965,-0.771208481509091
0.924635503517417,-0.464722080573924,-0.570583278282228,940509,-0.533816748502785,1.44068495340347,-1.21391269996547,1,-0.936556702916487,-0.168664525322445
-1.40354317489899,2.28358415152079,0.459226169434325,960310,0.971645963199079,0.724708188681744,0.459754062655285,1,-1.57388159618746,0.391051063900194
-0.491332815519461,-0.350461551651484,-0.258383014111219,940330,-1.30590145137348,-0.707245340761702,-1.74418786408111,1,-0.378897421304388,0.161703851381799
0.0351169441224555,-0.514663768712209,1.70271557319113,950601,2.57808760905699,1.44068495340347,1.27451161095313,1,-0.219566197986645,0.850376765491357
0.0532703841101078,-0.738644673089972,-0.178353814669599,951014,1.14707836177232,1.44068495340347,0.130209668818617,1,-0.45856303296326,-0.654177749209696
0.0532703841101078,-0.738644673089972,-0.702298094656335,960506,0.714474134271787,1.44068495340347,-0.215720910346947,1,1.29408042353191,-0.786998853111574
-0.409642335575025,-1.0662924149669,-0.386239240243773,940121,-1.17862473391411,-0.707245340761702,-1.48974681966854,1,-0.538228644622131,0.298120435889596
-0.250799735683068,-0.743184826557089,-0.305487939528475,950623,1.13854012044007,0.00873142396002112,1.46522860130888,1,0.816086753578682,-0.398518262683127
-0.759096055337332,-0.768912362870751,-0.131368501119761,950903,-0.563985201210059,1.44068495340347,-1.23803680614413,1,0.258427471966583,-0.535661038418897
-0.391488895587373,-0.680379370261973,-0.587085285916882,940811,-0.66997323694769,-1.42322210548342,0.943601701672383,1,1.0550835885553,-0.352541735753143
-0.777249495324984,0.0112373412288235,0.529606678237482,960919,0.272648606132424,0.724708188681744,-0.238934672896215,1,0.656755530260939,-0.0922777128703664
-0.822633095294115,0.394880309200195,3.17839819202314,960530,0.26285808940478,0.00873142396002112,0.298168068439792,1,1.21441481187304,0.734340992703597
-1.40354317489899,2.28358415152079,0.0499542297490741,940614,1.35711909854561,1.44068495340347,0.298168068439792,1,1.77207409348514,1.3997837753866
0.543413263776719,0.279863088033236,-0.664261520817102,950311,-0.651075262798983,-0.707245340761702,-0.435113725028265,1,0.816086753578682,-0.479793885637594
0.870175183554461,0.870083038758423,-1.58862646230009,940929,0.805548708482426,0.00873142396002112,1.02143608198463,-1,1.21441481187304,-1.02840093398924
-0.550331495479331,0.0763128742574981,0.898095401202027,950410,-0.929763459883538,-0.707245340761702,-0.992244026210699,1,-1.01622231457536,-0.337034698547597
-0.409642335575025,-1.0662924149669,0.453254436201704,960714,-0.565351319823219,0.00873142396002112,-0.805623582187171,1,1.77207409348514,1.70748892439547
-0.550331495479331,0.0763128742574981,0.10099748665283,950826,-1.0561294316008,0.724708188681744,-1.5671260281661,1,-1.01622231457536,-0.348657752129446
-1.40354317489899,2.28358415152079,-1.02682724130983,951225,-0.189441014768806,1.44068495340347,-0.938533752077098,1,1.21441481187304,-0.873149425267088
1.91853634284138,0.494763685476766,-0.168399449258842,961221,-0.951393671258565,0.724708188681744,-1.46243651078705,1,0.258427471966583,-0.025005293394413
-0.550331495479331,0.0763128742574981,0.510832045121866,941012,0.783349281018582,0.00873142396002112,0.991849914029685,1,0.178761860307711,0.650618967530792
1.60992786305129,-0.15599164480998,-0.93836762024975,960608,0.389679433993095,0.724708188681744,-0.121955516520491,1,0.0990962486488398,-0.91726430894555
1.91853634284138,0.494763685476766,-0.478380248778855,960326,-0.42771486954739,0.724708188681744,-0.93898892389179,-1,0.258427471966583,0.322553916222552
-1.40354317489899,2.28358415152079,-0.873143711953101,961004,-0.708224558116159,0.724708188681744,-1.21937476174177,1,0.656755530260939,-0.624201157963512
0.575181783755111,-0.400403239789769,0.819940121016637,961212,0.097785423647997,0.724708188681744,-0.413720649737763,1,-0.856891091257616,0.0360274260415115
-1.40354317489899,2.28358415152079,0.649236265933109,931216,-1.01662583503694,-1.42322210548342,-0.442396474063329,1,-0.617894256281002,0.449553038623171
0.193959544014413,-0.579739301740883,-0.78475054193048,940803,0.417343335909577,1.44068495340347,-0.453320597615926,1,0.338093083625454,-0.740233406691608
-1.35362121493294,0.454658996517234,0.710512982604932,940807,0.253978318419243,0.724708188681744,-0.257596717298568,1,0.0990962486488398,0.801408546844451
-0.287106615658372,-0.857445355479529,-0.970751425836146,930728,-0.172933748193128,1.44068495340347,-0.925333769451044,1,1.69240848182627,-0.358432318949183
0.575181783755111,-0.400403239789769,0.071103379936414,960911,-1.09916216791533,-1.42322210548342,-0.772396039714689,-1,0.975417976896424,0.905362903356808
-1.33092941494838,0.0747994897684591,-0.218512391638228,931221,-0.556813078490971,-1.42322210548342,1.39604248547576,1,-0.299231809645517,0.598187068109379
-0.137340735760241,-0.190042795813356,-0.810015226370865,940711,-1.0030784921231,-1.42322210548342,-0.388231028115037,1,-1.7332128195052,-0.840286159281952
1.91853634284138,0.494763685476766,-0.132055161840129,940919,-0.980992907877023,-1.42322210548342,-0.29992769606488,1,-1.25521914955197,-0.713642966907337
-1.33092941494838,0.0747994897684591,0.729819224020187,940604,-0.883998486342692,-0.707245340761702,-0.900754491457701,1,-0.139900586327774,0.383849530509366
-1.40354317489899,2.28358415152079,0.43542340781795,940805,-0.23167684855899,0.00873142396002112,-0.360920719233545,1,1.13474920021417,-0.473347910638601
1.91853634284138,0.494763685476766,0.0430566120612469,961029,-0.56091143433045,-1.42322210548342,1.37965630014687,1,1.53307725850852,0.115172872398105
1.06986302341864,-0.873335892614438,0.145971548802364,950508,-1.03324694483038,-1.42322210548342,-0.508851559008293,1,-1.01622231457536,-0.687676050746177
-0.550331495479331,0.0763128742574981,-0.824253468662887,950909,0.411537331803649,0.724708188681744,-0.100107269415298,1,-0.45856303296326,-0.228950379047038
-1.40354317489899,2.28358415152079,0.510446629104628,961122,0.787106107204771,0.00873142396002112,0.996856803991292,1,-0.0602349746689028,3.0537581848788
-0.754557695340419,-0.740914749823531,-0.153301773549069,961115,-0.940464722353288,0.724708188681744,-1.45151238723445,1,-0.45856303296326,0.364082140108073
0.30741854393724,-0.448831543439015,-0.534721868402354,951212,-0.385137506103917,-0.707245340761702,0.0965269545314435,1,-0.856891091257616,-0.444725498052409
0.870175183554461,0.870083038758423,-0.90304224873868,950411,-0.385137506103917,-0.707245340761702,0.0965269545314435,1,1.13474920021417,-0.938832258897534
0.997249263468026,-0.847608356300776,1.94960775775138,951122,0.939769862225355,0.724708188681744,0.427892035626878,1,-0.856891091257616,0.0389453474428126
-1.40354317489899,2.28358415152079,-1.3255955357766,950111,-0.653579813589775,-0.707245340761702,-0.440120614989872,1,1.69240848182627,-0.901721326331438
2.13637762269321,-0.422347314880833,0.505338759358921,960606,0.292571169241001,0.00873142396002112,0.337768016317955,1,-0.299231809645517,1.36593870637924
1.00632598346185,-0.536607843803273,-0.253075791253147,950613,-0.0547644881548235,-0.707245340761702,0.756981257648855,1,1.37374603519078,-0.723802830916939
-0.709174095371288,0.282889857011314,-0.360234734253056,951122,-0.298958190257099,0.00873142396002112,-0.450589566727777,1,-0.936556702916487,0.181183443577247
0.870175183554461,0.870083038758423,-0.695382756691853,950211,0.0609002210926881,0.724708188681744,-0.450589566727777,-1,-1.41455037286972,-0.529932561967373
-0.0148050158435882,-0.877876046081555,-0.330309617052494,960727,-0.107587741196994,0.724708188681744,-0.619003138163643,1,1.37374603519078,0.660926842046258
-0.550331495479331,0.0763128742574981,-1.70895600092357,960926,-0.466193877151385,-1.42322210548342,1.75835924997022,1,-0.936556702916487,-1.11186288355889
-0.777249495324984,0.0112373412288235,0.289505789705131,950413,-0.17748747690366,-0.707245340761702,0.51164364953012,1,1.6127428701674,-0.675315763882744
-0.659252135405244,-0.317167092892627,-0.0378984718355793,940521,-0.452305004584263,-1.42322210548342,1.81389021136259,1,-0.856891091257616,-0.269518414142936
-0.759096055337332,-0.768912362870751,0.257232735847826,950315,1.76695468249348,1.44068495340347,0.625891775017694,1,-1.7332128195052,-0.0247351154868852
-1.40354317489899,2.28358415152079,-0.578012504269695,950922,-1.03540996596788,-1.42322210548342,-0.517499823487432,1,-0.139900586327774,-0.174303020783896
0.434492623850806,-0.818854051009036,0.00250818900621504,960802,-0.530970668058703,1.44068495340347,-1.21163684089202,1,-0.936556702916487,1.05237938945751
-0.686482295386723,-0.402673316523327,0.353608890503373,960711,-1.19786423771611,0.00873142396002112,-1.64860178299589,1,-1.09588792623423,-0.366496777082923
-0.945168815210768,1.32712515444818,-0.353221934766973,960925,0.470849648258327,0.00873142396002112,0.575367703586934,1,-0.378897421304388,-0.649884269853111
-0.754557695340419,-0.740914749823531,-0.127381438872462,940406,0.206733383047474,1.44068495340347,-0.621734169051793,1,-0.936556702916487,0.386992521854504
-1.40354317489899,2.28358415152079,0.221021350504023,951020,0.819551424267311,0.00873142396002112,1.04009812638699,1,-1.09588792623423,0.0187663468728331
-0.495871175516374,-0.590332993164156,-0.0118895357756983,940827,-0.222114018266873,-0.707245340761702,0.42242997385058,1,-0.538228644622131,-0.572957101585977
2.66736574233204,0.698313899252503,-0.510467239731285,940502,0.664838491326988,0.00873142396002112,0.833905294331724,-1,-0.139900586327774,0.0483968754600704
-0.709174095371288,0.282889857011314,-0.0102238297701598,931223,-0.661093465962153,-0.707245340761702,-0.455141284874692,-1,-0.0602349746689028,0.255867195462657
-0.822633095294115,0.394880309200195,-0.488086530316446,961118,2.61554202770111,0.724708188681744,2.10292431369171,1,0.577089918602068,-0.486559845254025
0.543413263776719,0.279863088033236,1.10901985422248,931213,1.08560302418014,1.44068495340347,0.0810511128319315,1,-1.7332128195052,1.47981517034257
-0.495871175516374,-0.590332993164156,0.305573650561746,931110,-1.17054186545292,0.00873142396002112,-1.61218803782056,1,-0.219566197986645,0.944398442373745
2.66736574233204,0.698313899252503,-1.49862517717105,961211,-0.207769772828697,-0.707245340761702,0.451105798176146,1,-0.299231809645517,-1.01200207475154
0.434492623850806,-0.818854051009036,-0.264775603914388,960928,-0.862482118185429,0.00873142396002112,-1.2016230609688,1,1.69240848182627,0.0630106810095974
0.271111663961935,-0.765128901648154,-0.924217979341002,940603,0.059306416044002,-0.707245340761702,0.985022336809312,1,0.417758695284325,-0.526047168719812
-0.287106615658372,-0.857445355479529,-1.12111683338929,950703,-0.809317335489968,1.44068495340347,-1.43421585827618,1,0.975417976896424,-0.972003527697252
-1.40354317489899,2.28358415152079,-1.05197231388279,941219,3.2030868745775,1.44068495340347,1.77429026348443,-1,-1.41455037286972,-0.897417979607796
-0.495871175516374,-0.590332993164156,0.72888004935749,961205,2.58321055385634,1.44068495340347,1.27860815728535,1,-0.777225479598745,-0.23381358138254
0.434492623850806,0.233704861117548,0.108918450317464,950624,0.502156533143234,-0.707245340761702,1.87033151638434,1,0.258427471966583,0.2316989593537
-1.33092941494838,0.0747994897684591,1.22559269419517,951028,1.08833526140646,0.00873142396002112,1.39831834454922,1,-1.41455037286972,-0.4387407049947
0.929173863514331,-0.639517989057922,-0.221728621851049,960321,0.0886779662269331,0.724708188681744,-0.422824086031593,1,0.258427471966583,-0.606300344497269
0.30741854393724,-0.448831543439015,-1.08421878732511,941221,-0.278124881406416,0.00873142396002112,-0.422824086031593,1,1.69240848182627,-1.04406890325275
-1.40354317489899,2.28358415152079,0.414438170189665,960917,-0.72552872721618,0.00873142396002112,-1.0190991632775,1,0.0990962486488398,-0.143174766839711
0.575181783755111,-0.400403239789769,0.542325406806366,940823,-0.94433539175724,-1.42322210548342,-0.153362371734207,1,-1.49421598452859,0.12646114031193
0.997249263468026,-0.847608356300776,-1.27580598844616,960213,-0.301348897830129,0.00873142396002112,-0.453775769430618,1,1.37374603519078,-0.910316742787799
-1.40354317489899,2.28358415152079,-0.479523206623081,940728,-0.13297477875821,0.00873142396002112,-0.229376064787693,1,0.338093083625454,-0.661048725804096
-0.119187295772589,-0.700053368619479,0.0491258068154688,940223,0.497488961214939,0.00873142396002112,0.610871105132874,1,-1.01622231457536,2.23825929716675
0.107730704073064,-0.960355500734177,0.367758531412121,951002,1.6052973132696,1.44068495340347,0.496622979645299,1,0.258427471966583,-0.410914729892438
-0.899785215241637,-0.829447742432309,-0.0136216928186915,961225,-0.279832529672865,0.00873142396002112,-0.425099945105051,1,0.577089918602068,-0.660309847961335
-0.0783420558003712,-0.420077238147275,0.49692605801712,931013,0.0864011018716671,0.724708188681744,-0.425099945105051,1,-0.936556702916487,0.640083673698381
0.452646063838458,-0.934627964420515,-0.047520582059061,930906,1.22790704638426,1.44068495340347,0.194844066504814,1,-1.7332128195052,0.227611050144148
-1.40354317489899,2.28358415152079,-0.792153187502965,950304,0.224606768236312,-0.707245340761702,1.31547707427536,-1,-1.41455037286972,-0.86674691367061
0.575181783755111,-0.400403239789769,0.00415174466593525,951204,0.681573444338193,0.00873142396002112,0.856208713251609,1,-1.1755535378931,-0.249245438648599
-0.0238817358374144,-0.816583974275478,-1.19199794000794,960820,0.0342609081360762,1.44068495340347,-0.759651228903326,1,-1.33488476121084,-0.639458691744888
-0.550331495479331,-0.873335892614438,-0.155964245116432,940612,-0.720519625634595,0.724708188681744,-1.23166440073844,1,1.29408042353191,-0.584504035479097
-0.0238817358374144,-0.816583974275478,-0.897721735673118,940131,-0.352578345823613,0.00873142396002112,-0.522051541634347,1,-0.45856303296326,-0.0077674730195131
0.970019103486548,-0.532824382580676,0.153958963504453,940301,0.354046506833183,0.00873142396002112,0.419698942962431,1,-0.139900586327774,0.993243553869743
1.91853634284138,0.494763685476766,-0.137601608433038,960119,-0.525847723259354,-0.707245340761702,-0.184769226947923,1,-0.299231809645517,0.377959182250637
0.357340503903283,-0.582009378474442,0.489944269015183,961002,2.34470901264223,1.44068495340347,1.0878911669296,1,-1.65354720784633,-0.0644825145558314
0.0351169441224555,-0.361811935319276,-0.937251242820506,930915,-0.877737109365711,-1.42322210548342,0.112913139860339,1,-1.25521914955197,-0.603302074535643
-1.40354317489899,2.28358415152079,-0.774428480779139,951029,2.60484076523136,1.44068495340347,1.29590468624363,1,1.0550835885553,0.782423262751122
1.00632598346185,-0.536607843803273,-0.731093544220162,960806,-0.866011257936091,-1.42322210548342,0.159795836773566,1,-0.617894256281002,-0.877982555626795
1.37393314321181,-1.06931918394498,-0.796795899986487,961227,-0.150848163947048,-0.707245340761702,0.564898751849029,1,-0.139900586327774,-0.773220249702274
